{"stats":{"minecraft:mined":{"minecraft:grass":1},"minecraft:custom":{"minecraft:jump":74,"minecraft:time_since_rest":6858,"minecraft:leave_game":1,"minecraft:sprint_one_cm":5279,"minecraft:play_time":6858,"minecraft:time_since_death":6858,"minecraft:walk_one_cm":761,"minecraft:sneak_time":237,"minecraft:total_world_time":6858,"minecraft:drop":1,"minecraft:fall_one_cm":2266,"minecraft:fly_one_cm":89223},"minecraft:dropped":{"minecraft:wheat_seeds":1},"minecraft:picked_up":{"minecraft:wheat_seeds":1}},"DataVersion":3120}