{
  "biomesoplenty:biomesoplenty/root": {
    "criteria": {
      "scrubland": "2024-07-07 16:53:46 +0000"
    },
    "done": true
  },
  "biomesoplenty:biomesoplenty/all_biomes": {
    "criteria": {
      "woodland": "2024-07-07 16:55:40 +0000",
      "shrubland": "2024-07-07 16:56:21 +0000",
      "scrubland": "2024-07-07 16:53:46 +0000",
      "marsh": "2024-07-07 16:58:08 +0000",
      "old_growth_woodland": "2024-07-07 16:55:48 +0000"
    },
    "done": false
  },
  "repurposed_structures:root": {
    "criteria": {
      "always": "2024-07-07 16:53:22 +0000"
    },
    "done": true
  },
  "minecraft:adventure/adventuring_time": {
    "criteria": {
      "minecraft:beach": "2024-07-07 16:53:24 +0000",
      "minecraft:river": "2024-07-07 16:54:50 +0000",
      "minecraft:swamp": "2024-07-07 16:57:59 +0000",
      "minecraft:plains": "2024-07-07 16:55:50 +0000"
    },
    "done": false
  },
  "DataVersion": 3120
}